Year,Salaries,Overtime,Other Salaries,Total Salary,Retirement,Health/Dental,Other Benefits,Total Benefits,Total Compensation
2013,64717.64036036545,4349.412288492389,4066.732886678029,73133.785535537,12793.179458450257,9121.905412741953,4589.542170459103,26504.627041650085,99638.4125771857
2014,62261.76305144533,4337.825320956958,3779.957192863854,70379.54556526613,13626.814387176268,9103.71188156279,4607.5448011974,27338.071069936912,97717.61663520249
2015,63801.845319269625,4494.442771174032,3641.2941410593417,71937.58223150321,13200.52782200101,8692.585989206504,4774.66067761525,26667.774488822888,98605.35672032415
2016,68854.6155282066,5136.289255486248,3862.865006507165,77853.7697901989,12742.523145671606,9841.200362609721,5187.041823138738,27770.765331418705,105624.53512161721
